{
  "collection_timestamp": "2025-08-03T20:12:50.085250",
  "metrics": {
    "code_quality": 0.828054298642533,
    "documentation": 0.835820895522389,
    "commit_quality": 1.0,
    "error_handling": 0.1912663755458515,
    "test_coverage": 0.31221719457013575,
    "dev_velocity": 5.1
  }
}